8055510084257       ,  PURE BEAUTY BB CREAM 0001   
8055510084264       ,  PURE BEAUTY BB CREAM 0002   
8055510084271       , PURE BEAUTY BB CREAM 0003   
8055510084288       ,  PURE BEAUTY BB CREAM 0004   
8055510084295       ,  PURE BEAUTY BB CREAM 0005   
8055510082116       ,#INSTACURLS  Mascara          
8057018244805       ,#INSTACURLS Mascara           
8055510082093       ,#INSTALENGTH Mascara          
8057018244782       ,#INSTALENGTH Mascara          
8055510082109       ,#INSTAVOLUME  Mascara         
8057018244799       ,#INSTAVOLUME Mascara          
30175792            ,(COMPONENTE) BAMBI FALSE LASH 
